,picUrl,name,score
0,//car3.autoimg.cn/cardfs/product/g27/M02/4A/31/120x90_0_q95_autohomecar__ChsEnV05Zr-AKcY5AAj4Jsy4S4I620.jpg,轩逸,4.48
1,//car3.autoimg.cn/cardfs/product/g24/M0A/FD/21/120x90_0_q95_autohomecar__ChcCL1rsLTOAQyM_AAjMLl8POrE802.jpg,朗逸,4.32
2,//car2.autoimg.cn/cardfs/product/g27/M0B/B2/1D/120x90_0_q95_autohomecar__ChsEfFzWw76Aal7PAAW0eRV41Uw122.jpg,思域,4.25
3,//car3.autoimg.cn/cardfs/product/g26/M07/65/E5/120x90_0_q95_autohomecar__ChcCP1yPBKGAUt8RAAQ_n2YofIk969.jpg,速腾,4.45
4,//car2.autoimg.cn/cardfs/product/g29/M07/94/CA/120x90_0_q95_autohomecar__ChsEfl1KnF2ASVpgAAeezEqn9Ak100.jpg,卡罗拉,4.57
5,//car3.autoimg.cn/cardfs/product/g28/M01/0E/1B/120x90_0_q95_autohomecar__ChsEnl1yE-yAbpFvAAcVeiJ3HGs166.jpg,马自达3 昂克赛拉,4.69
6,//car2.autoimg.cn/cardfs/product/g2/M07/1A/63/120x90_0_q95_autohomecar__wKgHGVsCImqAW5_CAAkpqhMjGbY009.jpg,宝来,4.29
7,//car3.autoimg.cn/cardfs/product/g2/M0A/D0/1D/120x90_0_q95_autohomecar__ChsEmlwHtUOAUvEbAAeHOU9IDvU741.jpg,奥迪A3,4.37
8,//car3.autoimg.cn/cardfs/product/g1/M07/50/DB/120x90_0_q95_autohomecar__ChsEj1vsBE2AGc87AAuSant7Hcg843.jpg,高尔夫,4.31
9,//car2.autoimg.cn/cardfs/product/g27/M09/AD/26/120x90_0_q95_autohomecar__wKgHHlt5kueAYDK0AAkulhAL_ec276.jpg,领克03,4.60
10,//car2.autoimg.cn/cardfs/product/g29/M01/23/66/120x90_0_q95_autohomecar__ChcCSFy2gASAeV8wAAR3FUSe2-U279.jpg,雷凌,4.69
11,//car2.autoimg.cn/cardfs/product/g8/M02/08/A5/120x90_0_q95_autohomecar__wKgHz1ZmxS-AeMzqAAc46mV82qU530.jpg,高尔夫(进口),4.52
12,//car3.autoimg.cn/cardfs/product/g26/M08/4D/DA/120x90_0_q95_autohomecar__ChsEnF06aVWAd-ZFAAU1e-JZi18775.jpg,福克斯,4.58
13,//car2.autoimg.cn/cardfs/product/g27/M05/EC/98/120x90_0_q95_autohomecar__ChsEfFvW_0CAIhZSAAczncLcKmw147.jpg,英朗,4.60
14,//car3.autoimg.cn/cardfs/product/g29/M02/B2/74/120x90_0_q95_autohomecar__wKgHJFt7mbGAT_gWAAbcdEPdguU923.jpg,凌渡,4.41
15,//car3.autoimg.cn/cardfs/product/g30/M05/AD/AC/120x90_0_q95_autohomecar__ChsEoF2nJgOAbrWcAAdNmClvOu4974.jpg,奔驰A级,4.68
16,//car2.autoimg.cn/cardfs/product/g2/M01/C0/EE/120x90_0_q95_autohomecar__ChsEmlu-tXCAUwhvAAs5X7Etl6c423.jpg,菲斯塔,4.50
17,//car3.autoimg.cn/cardfs/product/g28/M06/A0/C4/120x90_0_q95_autohomecar__ChcCR11NcqyAKYtsAAqikhjUSeM058.jpg,名爵6,4.66
18,//car3.autoimg.cn/cardfs/product/g26/M08/5C/D3/120x90_0_q95_autohomecar__ChsEe1z9_yCAGEbrAAoSX82inUg075.jpg,宝马2系,4.25
19,//car3.autoimg.cn/cardfs/product/g2/M05/D4/A5/120x90_0_q95_autohomecar__ChcCRFxr1IuAUcKsAA8zHZ64Fb8606.jpg,宝马1系,4.28
20,//car3.autoimg.cn/cardfs/product/g1/M08/9E/25/120x90_0_q95_autohomecar__ChcCQ1uChrWAW-Z7AA1o5hsvAZU153.jpg,凌派,4.40
21,//car3.autoimg.cn/cardfs/product/g30/M0B/2C/E4/120x90_0_q95_autohomecar__ChsEf10zGiOAC5t2AAZdBn-5jLs578.jpg,领动,4.44
22,//car2.autoimg.cn/cardfs/product/g30/M07/1E/5D/120x90_0_q95_autohomecar__ChsEoFzurCCAWWaKAAoQDTLgZFM489.jpg,帝豪,4.63
23,//car3.autoimg.cn/cardfs/product/g30/M05/C4/7D/120x90_0_q95_autohomecar__ChcCSVt-hKKAHcOtAAedSDNlaWI311.jpg,桑塔纳,4.36
24,//car2.autoimg.cn/cardfs/product/g29/M0B/16/81/120x90_0_q95_autohomecar__ChcCSFx3sd6AWX3UAAhRHPZPE_M849.jpg,科鲁泽,4.67
25,//car2.autoimg.cn/cardfs/product/g2/M0B/23/B9/120x90_0_q95_autohomecar__ChsEmlvYPcuAK-DZAAoLa2M7vVs371.jpg,荣威i5,4.79
26,//car3.autoimg.cn/cardfs/product/g2/M06/20/9D/120x90_0_q95_autohomecar__ChsEkFzuyD-AJd9rAAajZH4bvKg368.jpg,帝豪GL,4.58
27,//car2.autoimg.cn/cardfs/product/g27/M03/D9/54/120x90_0_q95_autohomecar__ChsEfF1fndqARBqkAAeu1h7N8Ig489.jpg,威朗,4.42
28,//car2.autoimg.cn/cardfs/product/g1/M09/AC/18/120x90_0_q95_autohomecar__ChcCQ1wSOcGAZb_zAAfqN0H0pZg317.jpg,明锐,4.51
29,//car3.autoimg.cn/cardfs/product/g30/M0A/44/3A/120x90_0_q95_autohomecar__ChsEf104emqAdMd0AAmpA8tfFVQ499.jpg,逸动,4.70
30,//car2.autoimg.cn/cardfs/product/g2/M0B/EA/52/120x90_0_q95_autohomecar__ChsEml1T-9uAE8UjAAYtCZUPYTs633.jpg,捷达VA3,
31,//car3.autoimg.cn/cardfs/product/g1/M08/BA/7C/120x90_0_q95_autohomecar__ChsEj1yaM6SAGGpAAAfKvm5FAQ4600.jpg,科沃兹,4.63
32,//car2.autoimg.cn/cardfs/product/g2/M0A/85/ED/120x90_0_q95_autohomecar__ChcCRF1Lx-SATI-QAAigLsqgBvg835.jpg,缤瑞,4.63
33,//car2.autoimg.cn/cardfs/product/g1/M0B/DC/E2/120x90_0_q95_autohomecar__ChsEmVuZAg2AZdF0AAUo-PA-Aro715.jpg,奔驰CLA级,4.08
34,//car2.autoimg.cn/cardfs/product/g2/M09/6C/3A/120x90_0_q95_autohomecar__ChsEkFzFe9qALhQpAAvJ6Csb7TY884.jpg,起亚K3,4.22
35,//car2.autoimg.cn/cardfs/product/g30/M00/66/86/120x90_0_q95_autohomecar__ChsEoFz_areAaKo-AAKCqQBpdOQ533.jpg,福睿斯,4.73
36,//car2.autoimg.cn/cardfs/product/g28/M0A/81/84/120x90_0_q95_autohomecar__ChcCR1yUt_yAXarPAAbUPfghFeY116.jpg,享域,4.40
37,//car2.autoimg.cn/cardfs/product/g30/M04/16/8E/120x90_0_q95_autohomecar__ChsEoFx4wAOALJxrAAcv9fU0hrk291.jpg,微蓝,4.67
38,//car3.autoimg.cn/cardfs/product/g29/M03/3D/BB/120x90_0_q95_autohomecar__wKgHJFsqJvSAJ6IaAAfu-tFUqoE150.jpg,锋范,4.22
39,//car3.autoimg.cn/cardfs/product/g2/M08/A8/F6/120x90_0_q95_autohomecar__ChcCRFzZPV-AM4HTAAm070OzBCk203.jpg,艾瑞泽5,4.68
40,//car3.autoimg.cn/cardfs/product/g30/M08/5A/C1/120x90_0_q95_autohomecar__wKgHHFsvwDGAf-BDAAhmpnvLOk0866.jpg,凯越,4.39
41,//car3.autoimg.cn/cardfs/product/g30/M08/71/CD/120x90_0_q95_autohomecar__ChsEoFySQ-OAS2QCAArILHzV7ws246.jpg,沃兰多,4.69
42,//car2.autoimg.cn/cardfs/product/g28/M01/55/4D/120x90_0_q95_autohomecar__ChsEfVzAHNyAFKnwAAh4G1vw_n0621.jpg,杰德,4.23
43,//car2.autoimg.cn/cardfs/product/g17/M0D/56/BD/120x90_0_q95_autohomecar__wKgH51mn3m6AXmePAAgqpKE7Axs170.jpg,科鲁兹,4.57
44,//car3.autoimg.cn/cardfs/product/g27/M03/CE/B1/120x90_0_q95_autohomecar__ChsEnVuFZfeAML2yAAqHfKMZYHQ514.jpg,秦Pro,4.66
45,//car2.autoimg.cn/cardfs/product/g28/M0A/18/25/120x90_0_q95_autohomecar__ChcCR1siU4CAFsJXAAfsrUjUv3M634.jpg,悦动,4.49
46,//car2.autoimg.cn/cardfs/product/g2/M07/A9/95/120x90_0_q95_autohomecar__ChsEmlv9H0qASxTEAAjNjGRh4zg948.jpg,骐达TIIDA,4.32
47,//car2.autoimg.cn/cardfs/product/g25/M0B/A5/C2/120x90_0_q95_autohomecar__ChsEmF2HOPOAXUj7AAYVKKpMZOs350.jpg,艾瑞泽GX,4.67
48,//car3.autoimg.cn/cardfs/product/g3/M0B/3F/B5/120x90_0_q95_autohomecar__ChsEm1z34z2ATmbeAAqb6HbRSJo455.jpg,远景,4.49
49,//car2.autoimg.cn/cardfs/product/g30/M09/EF/01/120x90_0_q95_autohomecar__ChcCSVvYcW-AR9HgAAjLsUvPsog378.jpg,蓝鸟,4.34
50,//car2.autoimg.cn/cardfs/product/g3/M05/04/B6/120x90_0_q95_autohomecar__ChcCRVwiJMCABF9hAAbYPWyL4_I241.jpg,标致308,4.41
51,//car3.autoimg.cn/cardfs/product/g9/M12/D0/63/120x90_0_q95_autohomecar__wKgH0FoAbCOAf3XNAAooXh-Oz0M410.jpg,C-TREK蔚领,4.43
52,//car2.autoimg.cn/cardfs/product/g27/M07/BC/11/120x90_0_q95_autohomecar__ChsEnV0UTfKAb42RAAclB0PCwUg138.jpg,荣威i6,4.64
53,//car3.autoimg.cn/cardfs/product/g27/M00/AA/68/120x90_0_q95_autohomecar__wKgHHlt48l2AXeoKAAkpGtFbLYI501.jpg,标致408,4.60
54,//car2.autoimg.cn/cardfs/product/g27/M07/0E/C4/120x90_0_q95_autohomecar__ChcCQF0pwJqAXiOMAAbILG0BmTA584.jpg,奕炫,4.81
55,//car3.autoimg.cn/cardfs/product/g3/M02/8C/F0/120x90_0_q95_autohomecar__ChsEm1yYOyqAdPHBAAmpMqa1VBg227.jpg,朗逸纯电,4.25
56,//car2.autoimg.cn/cardfs/product/g28/M07/6A/C6/120x90_0_q95_autohomecar__ChsEnlzFvf2ARBX4AAlQWVZIFlA590.jpg,Aion S(埃安S),4.62
57,//car2.autoimg.cn/cardfs/product/g19/M0A/DF/EB/120x90_0_q95_autohomecar__wKgFU1ezwFKAUmORAAlglkPrJOE907.jpg,比亚迪F3,4.61
58,//car2.autoimg.cn/cardfs/product/g2/M00/D8/DF/120x90_0_q95_autohomecar__ChsEml2kWl6AMlf7AArZdo0krWw744.jpg,奔驰B级,4.40
59,//car2.autoimg.cn/cardfs/product/g5/M11/DE/A8/120x90_0_q95_autohomecar__wKgH21ZF2eWAVu0vAAWgJbFUJTE228.jpg,哥瑞,4.21
60,//car2.autoimg.cn/cardfs/product/g15/M0A/AC/22/120x90_0_q95_autohomecar__wKgH1lnl0HKAFgp7AAibuukEvcg375.jpg,宝马1系(进口),4.29
61,//car3.autoimg.cn/cardfs/product/g3/M01/73/B0/120x90_0_q95_autohomecar__ChsEm1v-ZvqAK-XOAAmbnCd28vo790.jpg,昕锐,3.88
62,//car2.autoimg.cn/cardfs/product/g24/M07/2D/82/120x90_0_q95_autohomecar__wKgHIVp6hxOACPQyAAinrZ8wNdA483.jpg,雷克萨斯CT,4.05
63,//car2.autoimg.cn/cardfs/product/g21/M0D/41/3D/120x90_0_q95_autohomecar__wKjBwlmxGQeAO48SAARR10clryc357.jpg,奥迪RS 3,4.32
64,//car3.autoimg.cn/cardfs/product/g26/M02/38/6D/120x90_0_q95_autohomecar__ChsEnF012cWAAkI8AAbyn5-fW0s329.jpg,启辰D60,4.69
65,//car2.autoimg.cn/cardfs/product/g26/M06/6A/E4/120x90_0_q95_autohomecar__ChsEe1zFcwiAAzsvAAyYeKamfak770.jpg,秦Pro新能源,4.60
66,//car2.autoimg.cn/cardfs/product/g25/M07/4E/1A/120x90_0_q95_autohomecar__wKgHIlqWl86ABKAXAAictC_6UR4024.jpg,甲壳虫,4.16
67,//car2.autoimg.cn/cardfs/product/g30/M09/10/75/120x90_0_q95_autohomecar__wKgHHFshFbqAVPlVAAqcoqnCcGU729.jpg,宝马2系旅行车,4.28
68,//car3.autoimg.cn/cardfs/product/g30/M05/91/BA/120x90_0_q95_autohomecar__ChsEf1wEfWKAHkwwAAn3K9Lg-4g289.jpg,高尔夫・嘉旅,4.44
69,//car3.autoimg.cn/cardfs/product/g26/M05/08/09/120x90_0_q95_autohomecar__ChsEnFvhchaALSTzAAg6sxMavF0737.jpg,奥迪S3,4.13
70,//car2.autoimg.cn/cardfs/product/g1/M07/BC/12/120x90_0_q95_autohomecar__ChcCQ1sRaKSAbBcrAAnDJ5DPYcc032.jpg,宝骏310W,4.46
71,//car3.autoimg.cn/cardfs/product/g27/M08/38/3C/120x90_0_q95_autohomecar__ChsEnV01nTCAO4R-AAixw-TDg6w902.jpg,奔驰A级(进口),4.63
72,//car3.autoimg.cn/cardfs/product/g1/M07/24/22/120x90_0_q95_autohomecar__ChsEj1wjpjWAVxvWAAkLuXhOopo024.jpg,卡罗拉双擎E+,4.65
73,//car3.autoimg.cn/cardfs/product/g3/M03/A6/68/120x90_0_q95_autohomecar__ChsEm11RSIeAbnozAAXx6OUTYi8360.jpg,福克斯Active,4.64
74,//car2.autoimg.cn/cardfs/product/g28/M00/DA/5E/120x90_0_q95_autohomecar__ChsEfVxm7V-AMsGxAASIBzBdQrA728.jpg,雷凌双擎E+,4.68
75,//car2.autoimg.cn/cardfs/product/g29/M05/9F/FB/120x90_0_q95_autohomecar__ChsEn12jPgKALB2fAAfA5SIR_cw455.jpg,几何A,4.69
76,//car3.autoimg.cn/cardfs/product/g2/M02/41/E0/120x90_0_q95_autohomecar__ChsEml0qF2uAZFQ2AAa5w3-aWLk749.jpg,比亚迪e2,4.61
77,//car3.autoimg.cn/cardfs/product/g18/M0C/D7/FA/120x90_0_q95_autohomecar__wKgH6FlCVjeANYaPAArqeGt5kTE829.jpg,奔驰A级AMG(进口),4.29
78,//car2.autoimg.cn/cardfs/product/g4/M11/97/91/120x90_0_q95_autohomecar__wKjB01gjCVuAV9lOAAWDPRx8p-Y951.jpg,竞瑞,4.23
79,//car3.autoimg.cn/cardfs/product/g25/M05/6C/A1/120x90_0_q95_autohomecar__wKgHIlqY-LuAVgVQAAjUsGYgDjY375.jpg,逸动DT,4.61
80,//car0.autoimg.cn/car/upload/2015/6/19/120x90_0_q95_autohomecar__201506190005263885465110.jpg,阳光,4.05
81,//car3.autoimg.cn/cardfs/product/g21/M0F/EA/CD/120x90_0_q95_autohomecar__wKgFWlonsX-AHmR-AA2WfsVnyXk429.jpg,昕动,4.71
82,//car3.autoimg.cn/cardfs/product/g29/M08/AB/D0/120x90_0_q95_autohomecar__ChsEn1ycN1-Abb3tAAFGV8iylwM475.jpg,雪铁龙C4L,
83,//car2.autoimg.cn/cardfs/product/g2/M03/AE/08/120x90_0_q95_autohomecar__wKgHFlsP8d6AHB7YAA4Cc7CyN6s451.jpg,福克斯(进口),4.13
84,//car2.autoimg.cn/cardfs/product/g1/M04/80/6B/120x90_0_q95_autohomecar__ChcCQ1vAiEGAb03zAAZqRCwkcm0887.jpg,阅朗,4.39
85,//car3.autoimg.cn/cardfs/product/g1/M0A/4A/2A/120x90_0_q95_autohomecar__ChsEmV17nd2AFGCgAAu4Y8vlGZ4138.jpg,荣威ei6,4.72
86,//car2.autoimg.cn/cardfs/product/g2/M01/BA/BA/120x90_0_q95_autohomecar__ChcCRF1cPEKAelUUAAqenGit5GQ528.jpg,秦新能源,4.61
87,//car3.autoimg.cn/cardfs/product/g25/M02/40/F3/120x90_0_q95_autohomecar__wKgHIlqoyuKAeDhUAAo9u9yXCms144.jpg,传祺GA4,4.61
88,//car3.autoimg.cn/cardfs/product/g15/M11/82/DC/120x90_0_q95_autohomecar__wKgH5VkCsaOAXnTOAAhNhhBWcTg658.jpg,奥迪A3(进口),4.67
89,//car3.autoimg.cn/cardfs/product/g27/M01/3B/3D/120x90_0_q95_autohomecar__ChsEnVwt7luAPAlDAAuwyyp2V3o625.jpg,荣威Ei5,4.69
90,//car3.autoimg.cn/cardfs/product/g17/M08/EA/11/120x90_0_q95_autohomecar__wKgH2Fh_QK-AHzRtAAiEcHgkIYQ254.jpg,爱丽舍,3.99
91,//car2.autoimg.cn/cardfs/product/g12/M13/09/C4/120x90_0_q95_autohomecar__wKgH01lx0ICAAt4hAAbg44DLO3g338.jpg,奔驰CLA级AMG,4.24
92,//car2.autoimg.cn/cardfs/product/g26/M0A/5A/72/120x90_0_q95_autohomecar__wKgHHVtfzOyAStSwAAjMYFGRPV8725.jpg,逸动XT,4.56
93,//car3.autoimg.cn/cardfs/product/g26/M0A/AD/86/120x90_0_q95_autohomecar__ChsEnF2msQuAFIsIAAmViGdYS2w829.jpg,福瑞迪,
94,//car2.autoimg.cn/cardfs/product/g22/M07/BF/DC/120x90_0_q95_autohomecar__wKjBwVoYMGWAbuydAAkCxhr9Vy0393.jpg,C4世嘉,4.46
95,//car2.autoimg.cn/cardfs/product/g3/M03/67/F9/120x90_0_q95_autohomecar__ChsEkVvzzGWAb1R9AAg9eO1q7mw481.jpg,东南A5翼舞,4.68
96,//car2.autoimg.cn/cardfs/product/g26/M09/9F/6D/120x90_0_q95_autohomecar__ChcCP1t1LMCAf2DpAA0ux7ZeKJ0380.jpg,北汽新能源EU5,4.58
97,//car2.autoimg.cn/cardfs/product/g28/M0B/BF/A5/120x90_0_q95_autohomecar__ChcCR1vNozqAfYRrAAdSD7rszJM884.jpg,沃尔沃V40,
98,//car2.autoimg.cn/cardfs/product/g2/M02/5E/05/120x90_0_q95_autohomecar__ChsEkF2MY66AICTLAAcLAODBptY365.jpg,帝豪新能源,4.35
99,//car2.autoimg.cn/cardfs/product/g7/M01/18/40/120x90_0_q95_autohomecar__wKgH3VoqgWKANIUhAAifEUTKxYo375.jpg,荣威360,4.49
100,//car2.autoimg.cn/cardfs/product/g24/M06/1A/17/120x90_0_q95_autohomecar__wKgHH1qmTdSAN73aAAfyJfLNpxo441.jpg,速锐,4.68
101,//car2.autoimg.cn/cardfs/product/g25/M06/BB/22/120x90_0_q95_autohomecar__wKgHIlr6NzuAad_mAAeGPmEfq8o592.jpg,北汽昌河A6,4.42
102,//car2.autoimg.cn/cardfs/product/g28/M0B/45/99/120x90_0_q95_autohomecar__wKgHFFsroneAAkrhAAUD3kEvgo4837.jpg,轩逸・纯电,4.64
103,//car2.autoimg.cn/cardfs/product/g2/M0A/22/45/120x90_0_q95_autohomecar__ChsEkFy138qACoTUAAJ3V_tvZ8Y889.jpg,领克03新能源,
104,//car2.autoimg.cn/cardfs/product/g14/M09/30/81/120x90_0_q95_autohomecar__wKgH1VjLPDWAWJMPAAe5L_Q4nzs432.jpg,标致301,4.39
105,//car2.autoimg.cn/cardfs/product/g12/M12/F9/C1/120x90_0_q95_autohomecar__wKgH4leshS-AClQMAAa8B1l62_8571.jpg,艾瑞泽7,4.40
106,//car3.autoimg.cn/cardfs/product/g24/M05/A1/D9/120x90_0_q95_autohomecar__wKgHH1r48qOAIOfBAAbjeTfPq4c941.jpg,绅宝D50,4.24
107,//car2.autoimg.cn/cardfs/product/g28/M06/01/91/120x90_0_q95_autohomecar__wKgHFFtPKfGAJ_cBAAhNifJ8xIU626.jpg,北汽新能源EU,4.63
108,//car3.autoimg.cn/cardfs/product/g28/M0B/77/30/120x90_0_q95_autohomecar__wKgHFFtpfwqAOrQNAAsr23gmvt0251.jpg,逸行,4.39
109,//car3.autoimg.cn/cardfs/product/g25/M08/DF/21/120x90_0_q95_autohomecar__wKgHIlr8PAmAZn3nAAdlup2raLk152.jpg,观致3,4.46
110,//car2.autoimg.cn/cardfs/product/g1/M02/30/33/120x90_0_q95_autohomecar__ChsEmVx2hSWAf7z8AAHT5VlOnp8540.jpg,Polestar 2,
111,//car2.autoimg.cn/cardfs/product/g2/M01/CB/A6/120x90_0_q95_autohomecar__ChcCRFuPGy-ABBGIAA9P1Mi0Az8809.jpg,逸动新能源,4.64
112,//car3.autoimg.cn/cardfs/product/g3/M0B/A9/00/120x90_0_q95_autohomecar__ChsEkVzQLNCAOr97AAdOvNeS6Z4834.jpg,名爵6新能源,4.59
113,//car2.autoimg.cn/cardfs/product/g24/M0A/19/56/120x90_0_q95_autohomecar__wKgHH1pnMRaAdcINAAex7zyE7jA976.jpg,高尔夫新能源(进口),
114,//car3.autoimg.cn/cardfs/product/g21/M0F/8C/D3/120x90_0_q95_autohomecar__wKgFWlnnJxiAaGUvAAft7xXIhXk480.jpg,启悦,4.28
115,//car3.autoimg.cn/cardfs/product/g28/M07/1E/54/120x90_0_q95_autohomecar__ChsEfVuWN46AI8gsAAsJ9mUe-Bk403.jpg,奔腾B50,
116,//car2.autoimg.cn/cardfs/product/g15/M13/B4/53/120x90_0_q95_autohomecar__wKgH1lkoANeAGy-fAAq0ZoP9dqA925.jpg,菲翔,3.91
117,//car3.autoimg.cn/cardfs/product/g2/M09/75/95/120x90_0_q95_autohomecar__ChsEml03Fo-AUd36AAgRbpe6B6Y239.jpg,启辰D60EV,4.72
118,//car3.autoimg.cn/cardfs/product/g9/M09/D8/8A/120x90_0_q95_autohomecar__wKgH0FeN59yAcUDEAAaV_gx5Htc384.jpg,天语 SX4,4.04
119,//car2.autoimg.cn/cardfs/product/g30/M01/D9/9D/120x90_0_q95_autohomecar__ChsEf1yjnlCAVSizAAd1AqfNPIc842.jpg,帝豪GL新能源,
120,//car3.autoimg.cn/cardfs/product/g22/M0B/F2/AC/120x90_0_q95_autohomecar__wKgFW1ot54-Ab4xpAAVaAUiYfFs677.jpg,DS 5LS,4.50
121,//car3.autoimg.cn/cardfs/product/g2/M08/FA/11/120x90_0_q95_autohomecar__ChcCRF1xBQGAcw2SAAhCy76UTHs617.jpg,广汽丰田iA5,
122,//car2.autoimg.cn/cardfs/product/g2/M0B/67/1F/120x90_0_q95_autohomecar__ChsEkF0_qOSAcb4tAAqIrQkI-XU312.jpg,起亚K3新能源,
123,//car3.autoimg.cn/cardfs/product/g25/M09/CE/5B/120x90_0_q95_autohomecar__ChcCr1r68NWAQ8gNAAX5fSgWHa0511.jpg,福美来F5,4.67
124,//car3.autoimg.cn/cardfs/product/g30/M06/B9/57/120x90_0_q95_autohomecar__ChsEoF1WeiOAOC_IAAdYc3_0Yuo868.jpg,领动新能源,
125,//car3.autoimg.cn/cardfs/product/g25/M06/3F/2C/120x90_0_q95_autohomecar__wKgHIlrxl9KAZv3NAAwkxouGH5s113.jpg,骏派CX65,4.40
126,//car2.autoimg.cn/cardfs/product/g7/M09/A5/03/120x90_0_q95_autohomecar__wKjB0FkbCoCAbvfkAAbBdJBDEMI445.jpg,海马M3,4.39
127,//car2.autoimg.cn/cardfs/product/g1/M02/CA/9D/120x90_0_q95_autohomecar__ChsEmVzVTCiAcmQMAAi-LJSnI84033.jpg,逸动ET,
128,//car0.autoimg.cn/car/upload/2014/12/13/120x90_0_q95_autohomecar__20141213102035729497110.jpg,V3菱悦,4.08
129,//car3.autoimg.cn/cardfs/product/g23/M0D/02/26/120x90_0_q95_autohomecar__wKjBwFi81HaAF7EyAAYfIooPzyM025.jpg,景逸S50,4.76
130,//car3.autoimg.cn/cardfs/product/g23/M06/8F/EC/120x90_0_q95_autohomecar__wKgFXFdompCAa3TsAAaEuwvl-wE460.jpg,锐行,4.38
131,//car2.autoimg.cn/cardfs/product/g24/M06/E5/09/120x90_0_q95_autohomecar__ChcCL1rYocKAG6_TAAk2VcHQ6oY544.jpg,致悦,4.38
132,//car2.autoimg.cn/cardfs/product/g5/M00/29/79/120x90_0_q95_autohomecar__wKjB0lmHwASAUwHzAAo60maPelc582.jpg,伊兰特EV,4.31
133,//car2.autoimg.cn/cardfs/product/g1/M06/1D/EA/120x90_0_q95_autohomecar__wKgHZVo5JFmAe9IrAAZlVz9P6MI030.jpg,DS 4S,4.50
134,//car3.autoimg.cn/cardfs/product/g24/M01/77/69/120x90_0_q95_autohomecar__ChcCL1rQfYGACu5XAAciDa4h9_0414.jpg,长城C30新能源,
135,//car3.autoimg.cn/cardfs/product/g3/M04/07/15/120x90_0_q95_autohomecar__ChsEm11xC2WAKYOkAAuOVGxXepk055.jpg,艾瑞泽e,4.79
136,//car2.autoimg.cn/cardfs/product/g20/M15/EA/57/120x90_0_q95_autohomecar__wKjBw1ikNXmAS_GIAAjIr8K2uyA916.jpg,奔腾B30,4.13
137,//car2.autoimg.cn/cardfs/product/g6/M10/B6/5B/120x90_0_q95_autohomecar__wKgH3Fjt9LSAUwT8AAbo-NrCI-k655.jpg,V5菱致,4.07
138,//car3.autoimg.cn/cardfs/product/g20/M10/5E/E9/120x90_0_q95_autohomecar__wKjBw1nGvN-AVJYvAAfpkTfNfao920.jpg,东风风神E70,4.50
139,//car3.autoimg.cn/cardfs/product/g21/M05/2E/EE/120x90_0_q95_autohomecar__wKgFVVfiXWaAOUz_AAsKDok5UlQ326.jpg,福美来,4.45
140,//car2.autoimg.cn/cardfs/product/g25/M04/37/1F/120x90_0_q95_autohomecar__wKgHIFqVU06AdQ64AAZ3d2eKLdk123.jpg,骏派A50,4.49
141,//car3.autoimg.cn/cardfs/product/g21/M07/59/A1/120x90_0_q95_autohomecar__wKjBwlgFxWCAWQCEAAo6iHozgus919.jpg,中华H3,4.60
142,//car2.autoimg.cn/cardfs/product/g18/M0D/D0/75/120x90_0_q95_autohomecar__wKgH6FY6OmmACDgQAAHlIgJ9gCk201.jpg,东风风神A60,4.48
143,//car2.autoimg.cn/cardfs/product/g11/M03/D3/8E/120x90_0_q95_autohomecar__wKgH4Vk_XQuAC8f2AAdZSxvD--U088.jpg,传祺GA3S PHEV,4.04
144,//car3.autoimg.cn/cardfs/product/g6/M10/8B/19/120x90_0_q95_autohomecar__wKgH3FpAylKALN4zAAm7wmzapPM220.jpg,奔腾B30EV,
145,//car2.autoimg.cn/cardfs/product/g21/M10/5E/AE/120x90_0_q95_autohomecar__wKjBwlkDFZiADmzeAAZioVfGQYQ767.jpg,艾瑞泽5e,4.64
146,//car3.autoimg.cn/cardfs/product/g29/M00/11/F8/120x90_0_q95_autohomecar__ChcCSF1x1bKAbyJnAAHHluuoWoE279.jpg,江淮iEVA50,
147,//car2.autoimg.cn/cardfs/product/g26/M00/BA/E5/120x90_0_q95_autohomecar__wKgHHVt9JDKAb_qKAA0f6UDwjaU259.jpg,海马E3,
148,//car3.autoimg.cn/cardfs/product/g15/M14/52/2C/120x90_0_q95_autohomecar__wKjByFfiVPKAUEmSAAmcp2ff8J4807.jpg,中华H530,3.78
149,//car2.autoimg.cn/cardfs/product/g11/M0B/84/9A/120x90_0_q95_autohomecar__wKjBzFnGs2mAP3ZBAAiifX0AYZ4289.jpg,骏派A70E,
